1,1,1,1,1,1,Hallo
1,1,1,1,1,1,this
1,1,1,1,1,1,is
1,1,1,1,1,1,a
1,1,1,1,1,1,small
1,1,1,1,1,1,text
1,1,1,1,1,1,file.
1,1,1,1,2,2,Hallo
1,1,1,1,2,2,this
1,1,1,1,2,2,is
1,1,1,1,2,2,a
1,1,1,1,2,2,small
1,1,1,1,2,2,text
1,1,1,1,2,2,file.
1,1,1,1,1,2,Hallo
1,1,1,1,1,2,this
1,1,1,1,1,2,is
1,1,1,1,1,2,a
1,1,1,1,1,2,small
1,1,1,1,1,2,text
1,1,1,1,1,2,file.
1,1,1,1,3,3,Hallo
1,1,1,1,3,3,this
1,1,1,1,3,3,is
1,1,1,1,3,3,a
1,1,1,1,3,3,small
1,1,1,1,3,3,text
1,1,1,1,3,3,file.
1,1,1,1,3,1,Hallo
1,1,1,1,3,1,this
1,1,1,1,3,1,is
1,1,1,1,3,1,a
1,1,1,1,3,1,small
1,1,1,1,3,1,text
1,1,1,1,3,1,file.
1,1,2,2,1,1,Hallo
1,1,2,2,1,1,this
1,1,2,2,1,1,is
1,1,2,2,1,1,a
1,1,2,2,1,1,small
1,1,2,2,1,1,text
1,1,2,2,1,1,file.
1,1,2,2,2,2,Hallo
1,1,2,2,2,2,this
1,1,2,2,2,2,is
1,1,2,2,2,2,a
1,1,2,2,2,2,small
1,1,2,2,2,2,text
1,1,2,2,2,2,file.
1,1,2,2,1,2,Hallo
1,1,2,2,1,2,this
1,1,2,2,1,2,is
1,1,2,2,1,2,a
1,1,2,2,1,2,small
1,1,2,2,1,2,text
1,1,2,2,1,2,file.
1,1,2,2,3,3,Hallo
1,1,2,2,3,3,this
1,1,2,2,3,3,is
1,1,2,2,3,3,a
1,1,2,2,3,3,small
1,1,2,2,3,3,text
1,1,2,2,3,3,file.
1,1,2,2,3,1,Hallo
1,1,2,2,3,1,this
1,1,2,2,3,1,is
1,1,2,2,3,1,a
1,1,2,2,3,1,small
1,1,2,2,3,1,text
1,1,2,2,3,1,file.
1,1,1,2,1,1,Hallo
1,1,1,2,1,1,this
1,1,1,2,1,1,is
1,1,1,2,1,1,a
1,1,1,2,1,1,small
1,1,1,2,1,1,text
1,1,1,2,1,1,file.
1,1,1,2,2,2,Hallo
1,1,1,2,2,2,this
1,1,1,2,2,2,is
1,1,1,2,2,2,a
1,1,1,2,2,2,small
1,1,1,2,2,2,text
1,1,1,2,2,2,file.
1,1,1,2,1,2,Hallo
1,1,1,2,1,2,this
1,1,1,2,1,2,is
1,1,1,2,1,2,a
1,1,1,2,1,2,small
1,1,1,2,1,2,text
1,1,1,2,1,2,file.
1,1,1,2,3,3,Hallo
1,1,1,2,3,3,this
1,1,1,2,3,3,is
1,1,1,2,3,3,a
1,1,1,2,3,3,small
1,1,1,2,3,3,text
1,1,1,2,3,3,file.
1,1,1,2,3,1,Hallo
1,1,1,2,3,1,this
1,1,1,2,3,1,is
1,1,1,2,3,1,a
1,1,1,2,3,1,small
1,1,1,2,3,1,text
1,1,1,2,3,1,file.
1,1,3,3,1,1,Hallo
1,1,3,3,1,1,this
1,1,3,3,1,1,is
1,1,3,3,1,1,a
1,1,3,3,1,1,small
1,1,3,3,1,1,text
1,1,3,3,1,1,file.
1,1,3,3,2,2,Hallo
1,1,3,3,2,2,this
1,1,3,3,2,2,is
1,1,3,3,2,2,a
1,1,3,3,2,2,small
1,1,3,3,2,2,text
1,1,3,3,2,2,file.
1,1,3,3,1,2,Hallo
1,1,3,3,1,2,this
1,1,3,3,1,2,is
1,1,3,3,1,2,a
1,1,3,3,1,2,small
1,1,3,3,1,2,text
1,1,3,3,1,2,file.
1,1,3,3,3,3,Hallo
1,1,3,3,3,3,this
1,1,3,3,3,3,is
1,1,3,3,3,3,a
1,1,3,3,3,3,small
1,1,3,3,3,3,text
1,1,3,3,3,3,file.
1,1,3,3,3,1,Hallo
1,1,3,3,3,1,this
1,1,3,3,3,1,is
1,1,3,3,3,1,a
1,1,3,3,3,1,small
1,1,3,3,3,1,text
1,1,3,3,3,1,file.
1,1,3,1,1,1,Hallo
1,1,3,1,1,1,this
1,1,3,1,1,1,is
1,1,3,1,1,1,a
1,1,3,1,1,1,small
1,1,3,1,1,1,text
1,1,3,1,1,1,file.
1,1,3,1,2,2,Hallo
1,1,3,1,2,2,this
1,1,3,1,2,2,is
1,1,3,1,2,2,a
1,1,3,1,2,2,small
1,1,3,1,2,2,text
1,1,3,1,2,2,file.
1,1,3,1,1,2,Hallo
1,1,3,1,1,2,this
1,1,3,1,1,2,is
1,1,3,1,1,2,a
1,1,3,1,1,2,small
1,1,3,1,1,2,text
1,1,3,1,1,2,file.
1,1,3,1,3,3,Hallo
1,1,3,1,3,3,this
1,1,3,1,3,3,is
1,1,3,1,3,3,a
1,1,3,1,3,3,small
1,1,3,1,3,3,text
1,1,3,1,3,3,file.
1,1,3,1,3,1,Hallo
1,1,3,1,3,1,this
1,1,3,1,3,1,is
1,1,3,1,3,1,a
1,1,3,1,3,1,small
1,1,3,1,3,1,text
1,1,3,1,3,1,file.
2,2,1,1,1,1,Hallo
2,2,1,1,1,1,this
2,2,1,1,1,1,is
2,2,1,1,1,1,a
2,2,1,1,1,1,small
2,2,1,1,1,1,text
2,2,1,1,1,1,file.
2,2,1,1,2,2,Hallo
2,2,1,1,2,2,this
2,2,1,1,2,2,is
2,2,1,1,2,2,a
2,2,1,1,2,2,small
2,2,1,1,2,2,text
2,2,1,1,2,2,file.
2,2,1,1,1,2,Hallo
2,2,1,1,1,2,this
2,2,1,1,1,2,is
2,2,1,1,1,2,a
2,2,1,1,1,2,small
2,2,1,1,1,2,text
2,2,1,1,1,2,file.
2,2,1,1,3,3,Hallo
2,2,1,1,3,3,this
2,2,1,1,3,3,is
2,2,1,1,3,3,a
2,2,1,1,3,3,small
2,2,1,1,3,3,text
2,2,1,1,3,3,file.
2,2,1,1,3,1,Hallo
2,2,1,1,3,1,this
2,2,1,1,3,1,is
2,2,1,1,3,1,a
2,2,1,1,3,1,small
2,2,1,1,3,1,text
2,2,1,1,3,1,file.
2,2,2,2,1,1,Hallo
2,2,2,2,1,1,this
2,2,2,2,1,1,is
2,2,2,2,1,1,a
2,2,2,2,1,1,small
2,2,2,2,1,1,text
2,2,2,2,1,1,file.
2,2,2,2,2,2,Hallo
2,2,2,2,2,2,this
2,2,2,2,2,2,is
2,2,2,2,2,2,a
2,2,2,2,2,2,small
2,2,2,2,2,2,text
2,2,2,2,2,2,file.
2,2,2,2,1,2,Hallo
2,2,2,2,1,2,this
2,2,2,2,1,2,is
2,2,2,2,1,2,a
2,2,2,2,1,2,small
2,2,2,2,1,2,text
2,2,2,2,1,2,file.
2,2,2,2,3,3,Hallo
2,2,2,2,3,3,this
2,2,2,2,3,3,is
2,2,2,2,3,3,a
2,2,2,2,3,3,small
2,2,2,2,3,3,text
2,2,2,2,3,3,file.
2,2,2,2,3,1,Hallo
2,2,2,2,3,1,this
2,2,2,2,3,1,is
2,2,2,2,3,1,a
2,2,2,2,3,1,small
2,2,2,2,3,1,text
2,2,2,2,3,1,file.
2,2,1,2,1,1,Hallo
2,2,1,2,1,1,this
2,2,1,2,1,1,is
2,2,1,2,1,1,a
2,2,1,2,1,1,small
2,2,1,2,1,1,text
2,2,1,2,1,1,file.
2,2,1,2,2,2,Hallo
2,2,1,2,2,2,this
2,2,1,2,2,2,is
2,2,1,2,2,2,a
2,2,1,2,2,2,small
2,2,1,2,2,2,text
2,2,1,2,2,2,file.
2,2,1,2,1,2,Hallo
2,2,1,2,1,2,this
2,2,1,2,1,2,is
2,2,1,2,1,2,a
2,2,1,2,1,2,small
2,2,1,2,1,2,text
2,2,1,2,1,2,file.
2,2,1,2,3,3,Hallo
2,2,1,2,3,3,this
2,2,1,2,3,3,is
2,2,1,2,3,3,a
2,2,1,2,3,3,small
2,2,1,2,3,3,text
2,2,1,2,3,3,file.
2,2,1,2,3,1,Hallo
2,2,1,2,3,1,this
2,2,1,2,3,1,is
2,2,1,2,3,1,a
2,2,1,2,3,1,small
2,2,1,2,3,1,text
2,2,1,2,3,1,file.
2,2,3,3,1,1,Hallo
2,2,3,3,1,1,this
2,2,3,3,1,1,is
2,2,3,3,1,1,a
2,2,3,3,1,1,small
2,2,3,3,1,1,text
2,2,3,3,1,1,file.
2,2,3,3,2,2,Hallo
2,2,3,3,2,2,this
2,2,3,3,2,2,is
2,2,3,3,2,2,a
2,2,3,3,2,2,small
2,2,3,3,2,2,text
2,2,3,3,2,2,file.
2,2,3,3,1,2,Hallo
2,2,3,3,1,2,this
2,2,3,3,1,2,is
2,2,3,3,1,2,a
2,2,3,3,1,2,small
2,2,3,3,1,2,text
2,2,3,3,1,2,file.
2,2,3,3,3,3,Hallo
2,2,3,3,3,3,this
2,2,3,3,3,3,is
2,2,3,3,3,3,a
2,2,3,3,3,3,small
2,2,3,3,3,3,text
2,2,3,3,3,3,file.
2,2,3,3,3,1,Hallo
2,2,3,3,3,1,this
2,2,3,3,3,1,is
2,2,3,3,3,1,a
2,2,3,3,3,1,small
2,2,3,3,3,1,text
2,2,3,3,3,1,file.
2,2,3,1,1,1,Hallo
2,2,3,1,1,1,this
2,2,3,1,1,1,is
2,2,3,1,1,1,a
2,2,3,1,1,1,small
2,2,3,1,1,1,text
2,2,3,1,1,1,file.
2,2,3,1,2,2,Hallo
2,2,3,1,2,2,this
2,2,3,1,2,2,is
2,2,3,1,2,2,a
2,2,3,1,2,2,small
2,2,3,1,2,2,text
2,2,3,1,2,2,file.
2,2,3,1,1,2,Hallo
2,2,3,1,1,2,this
2,2,3,1,1,2,is
2,2,3,1,1,2,a
2,2,3,1,1,2,small
2,2,3,1,1,2,text
2,2,3,1,1,2,file.
2,2,3,1,3,3,Hallo
2,2,3,1,3,3,this
2,2,3,1,3,3,is
2,2,3,1,3,3,a
2,2,3,1,3,3,small
2,2,3,1,3,3,text
2,2,3,1,3,3,file.
2,2,3,1,3,1,Hallo
2,2,3,1,3,1,this
2,2,3,1,3,1,is
2,2,3,1,3,1,a
2,2,3,1,3,1,small
2,2,3,1,3,1,text
2,2,3,1,3,1,file.
1,2,1,1,1,1,Hallo
1,2,1,1,1,1,this
1,2,1,1,1,1,is
1,2,1,1,1,1,a
1,2,1,1,1,1,small
1,2,1,1,1,1,text
1,2,1,1,1,1,file.
1,2,1,1,2,2,Hallo
1,2,1,1,2,2,this
1,2,1,1,2,2,is
1,2,1,1,2,2,a
1,2,1,1,2,2,small
1,2,1,1,2,2,text
1,2,1,1,2,2,file.
1,2,1,1,1,2,Hallo
1,2,1,1,1,2,this
1,2,1,1,1,2,is
1,2,1,1,1,2,a
1,2,1,1,1,2,small
1,2,1,1,1,2,text
1,2,1,1,1,2,file.
1,2,1,1,3,3,Hallo
1,2,1,1,3,3,this
1,2,1,1,3,3,is
1,2,1,1,3,3,a
1,2,1,1,3,3,small
1,2,1,1,3,3,text
1,2,1,1,3,3,file.
1,2,1,1,3,1,Hallo
1,2,1,1,3,1,this
1,2,1,1,3,1,is
1,2,1,1,3,1,a
1,2,1,1,3,1,small
1,2,1,1,3,1,text
1,2,1,1,3,1,file.
1,2,2,2,1,1,Hallo
1,2,2,2,1,1,this
1,2,2,2,1,1,is
1,2,2,2,1,1,a
1,2,2,2,1,1,small
1,2,2,2,1,1,text
1,2,2,2,1,1,file.
1,2,2,2,2,2,Hallo
1,2,2,2,2,2,this
1,2,2,2,2,2,is
1,2,2,2,2,2,a
1,2,2,2,2,2,small
1,2,2,2,2,2,text
1,2,2,2,2,2,file.
1,2,2,2,1,2,Hallo
1,2,2,2,1,2,this
1,2,2,2,1,2,is
1,2,2,2,1,2,a
1,2,2,2,1,2,small
1,2,2,2,1,2,text
1,2,2,2,1,2,file.
1,2,2,2,3,3,Hallo
1,2,2,2,3,3,this
1,2,2,2,3,3,is
1,2,2,2,3,3,a
1,2,2,2,3,3,small
1,2,2,2,3,3,text
1,2,2,2,3,3,file.
1,2,2,2,3,1,Hallo
1,2,2,2,3,1,this
1,2,2,2,3,1,is
1,2,2,2,3,1,a
1,2,2,2,3,1,small
1,2,2,2,3,1,text
1,2,2,2,3,1,file.
1,2,1,2,1,1,Hallo
1,2,1,2,1,1,this
1,2,1,2,1,1,is
1,2,1,2,1,1,a
1,2,1,2,1,1,small
1,2,1,2,1,1,text
1,2,1,2,1,1,file.
1,2,1,2,2,2,Hallo
1,2,1,2,2,2,this
1,2,1,2,2,2,is
1,2,1,2,2,2,a
1,2,1,2,2,2,small
1,2,1,2,2,2,text
1,2,1,2,2,2,file.
1,2,1,2,1,2,Hallo
1,2,1,2,1,2,this
1,2,1,2,1,2,is
1,2,1,2,1,2,a
1,2,1,2,1,2,small
1,2,1,2,1,2,text
1,2,1,2,1,2,file.
1,2,1,2,3,3,Hallo
1,2,1,2,3,3,this
1,2,1,2,3,3,is
1,2,1,2,3,3,a
1,2,1,2,3,3,small
1,2,1,2,3,3,text
1,2,1,2,3,3,file.
1,2,1,2,3,1,Hallo
1,2,1,2,3,1,this
1,2,1,2,3,1,is
1,2,1,2,3,1,a
1,2,1,2,3,1,small
1,2,1,2,3,1,text
1,2,1,2,3,1,file.
1,2,3,3,1,1,Hallo
1,2,3,3,1,1,this
1,2,3,3,1,1,is
1,2,3,3,1,1,a
1,2,3,3,1,1,small
1,2,3,3,1,1,text
1,2,3,3,1,1,file.
1,2,3,3,2,2,Hallo
1,2,3,3,2,2,this
1,2,3,3,2,2,is
1,2,3,3,2,2,a
1,2,3,3,2,2,small
1,2,3,3,2,2,text
1,2,3,3,2,2,file.
1,2,3,3,1,2,Hallo
1,2,3,3,1,2,this
1,2,3,3,1,2,is
1,2,3,3,1,2,a
1,2,3,3,1,2,small
1,2,3,3,1,2,text
1,2,3,3,1,2,file.
1,2,3,3,3,3,Hallo
1,2,3,3,3,3,this
1,2,3,3,3,3,is
1,2,3,3,3,3,a
1,2,3,3,3,3,small
1,2,3,3,3,3,text
1,2,3,3,3,3,file.
1,2,3,3,3,1,Hallo
1,2,3,3,3,1,this
1,2,3,3,3,1,is
1,2,3,3,3,1,a
1,2,3,3,3,1,small
1,2,3,3,3,1,text
1,2,3,3,3,1,file.
1,2,3,1,1,1,Hallo
1,2,3,1,1,1,this
1,2,3,1,1,1,is
1,2,3,1,1,1,a
1,2,3,1,1,1,small
1,2,3,1,1,1,text
1,2,3,1,1,1,file.
1,2,3,1,2,2,Hallo
1,2,3,1,2,2,this
1,2,3,1,2,2,is
1,2,3,1,2,2,a
1,2,3,1,2,2,small
1,2,3,1,2,2,text
1,2,3,1,2,2,file.
1,2,3,1,1,2,Hallo
1,2,3,1,1,2,this
1,2,3,1,1,2,is
1,2,3,1,1,2,a
1,2,3,1,1,2,small
1,2,3,1,1,2,text
1,2,3,1,1,2,file.
1,2,3,1,3,3,Hallo
1,2,3,1,3,3,this
1,2,3,1,3,3,is
1,2,3,1,3,3,a
1,2,3,1,3,3,small
1,2,3,1,3,3,text
1,2,3,1,3,3,file.
1,2,3,1,3,1,Hallo
1,2,3,1,3,1,this
1,2,3,1,3,1,is
1,2,3,1,3,1,a
1,2,3,1,3,1,small
1,2,3,1,3,1,text
1,2,3,1,3,1,file.
3,3,1,1,1,1,Hallo
3,3,1,1,1,1,this
3,3,1,1,1,1,is
3,3,1,1,1,1,a
3,3,1,1,1,1,small
3,3,1,1,1,1,text
3,3,1,1,1,1,file.
3,3,1,1,2,2,Hallo
3,3,1,1,2,2,this
3,3,1,1,2,2,is
3,3,1,1,2,2,a
3,3,1,1,2,2,small
3,3,1,1,2,2,text
3,3,1,1,2,2,file.
3,3,1,1,1,2,Hallo
3,3,1,1,1,2,this
3,3,1,1,1,2,is
3,3,1,1,1,2,a
3,3,1,1,1,2,small
3,3,1,1,1,2,text
3,3,1,1,1,2,file.
3,3,1,1,3,3,Hallo
3,3,1,1,3,3,this
3,3,1,1,3,3,is
3,3,1,1,3,3,a
3,3,1,1,3,3,small
3,3,1,1,3,3,text
3,3,1,1,3,3,file.
3,3,1,1,3,1,Hallo
3,3,1,1,3,1,this
3,3,1,1,3,1,is
3,3,1,1,3,1,a
3,3,1,1,3,1,small
3,3,1,1,3,1,text
3,3,1,1,3,1,file.
3,3,2,2,1,1,Hallo
3,3,2,2,1,1,this
3,3,2,2,1,1,is
3,3,2,2,1,1,a
3,3,2,2,1,1,small
3,3,2,2,1,1,text
3,3,2,2,1,1,file.
3,3,2,2,2,2,Hallo
3,3,2,2,2,2,this
3,3,2,2,2,2,is
3,3,2,2,2,2,a
3,3,2,2,2,2,small
3,3,2,2,2,2,text
3,3,2,2,2,2,file.
3,3,2,2,1,2,Hallo
3,3,2,2,1,2,this
3,3,2,2,1,2,is
3,3,2,2,1,2,a
3,3,2,2,1,2,small
3,3,2,2,1,2,text
3,3,2,2,1,2,file.
3,3,2,2,3,3,Hallo
3,3,2,2,3,3,this
3,3,2,2,3,3,is
3,3,2,2,3,3,a
3,3,2,2,3,3,small
3,3,2,2,3,3,text
3,3,2,2,3,3,file.
3,3,2,2,3,1,Hallo
3,3,2,2,3,1,this
3,3,2,2,3,1,is
3,3,2,2,3,1,a
3,3,2,2,3,1,small
3,3,2,2,3,1,text
3,3,2,2,3,1,file.
3,3,1,2,1,1,Hallo
3,3,1,2,1,1,this
3,3,1,2,1,1,is
3,3,1,2,1,1,a
3,3,1,2,1,1,small
3,3,1,2,1,1,text
3,3,1,2,1,1,file.
3,3,1,2,2,2,Hallo
3,3,1,2,2,2,this
3,3,1,2,2,2,is
3,3,1,2,2,2,a
3,3,1,2,2,2,small
3,3,1,2,2,2,text
3,3,1,2,2,2,file.
3,3,1,2,1,2,Hallo
3,3,1,2,1,2,this
3,3,1,2,1,2,is
3,3,1,2,1,2,a
3,3,1,2,1,2,small
3,3,1,2,1,2,text
3,3,1,2,1,2,file.
3,3,1,2,3,3,Hallo
3,3,1,2,3,3,this
3,3,1,2,3,3,is
3,3,1,2,3,3,a
3,3,1,2,3,3,small
3,3,1,2,3,3,text
3,3,1,2,3,3,file.
3,3,1,2,3,1,Hallo
3,3,1,2,3,1,this
3,3,1,2,3,1,is
3,3,1,2,3,1,a
3,3,1,2,3,1,small
3,3,1,2,3,1,text
3,3,1,2,3,1,file.
3,3,3,3,1,1,Hallo
3,3,3,3,1,1,this
3,3,3,3,1,1,is
3,3,3,3,1,1,a
3,3,3,3,1,1,small
3,3,3,3,1,1,text
3,3,3,3,1,1,file.
3,3,3,3,2,2,Hallo
3,3,3,3,2,2,this
3,3,3,3,2,2,is
3,3,3,3,2,2,a
3,3,3,3,2,2,small
3,3,3,3,2,2,text
3,3,3,3,2,2,file.
3,3,3,3,1,2,Hallo
3,3,3,3,1,2,this
3,3,3,3,1,2,is
3,3,3,3,1,2,a
3,3,3,3,1,2,small
3,3,3,3,1,2,text
3,3,3,3,1,2,file.
3,3,3,3,3,3,Hallo
3,3,3,3,3,3,this
3,3,3,3,3,3,is
3,3,3,3,3,3,a
3,3,3,3,3,3,small
3,3,3,3,3,3,text
3,3,3,3,3,3,file.
3,3,3,3,3,1,Hallo
3,3,3,3,3,1,this
3,3,3,3,3,1,is
3,3,3,3,3,1,a
3,3,3,3,3,1,small
3,3,3,3,3,1,text
3,3,3,3,3,1,file.
3,3,3,1,1,1,Hallo
3,3,3,1,1,1,this
3,3,3,1,1,1,is
3,3,3,1,1,1,a
3,3,3,1,1,1,small
3,3,3,1,1,1,text
3,3,3,1,1,1,file.
3,3,3,1,2,2,Hallo
3,3,3,1,2,2,this
3,3,3,1,2,2,is
3,3,3,1,2,2,a
3,3,3,1,2,2,small
3,3,3,1,2,2,text
3,3,3,1,2,2,file.
3,3,3,1,1,2,Hallo
3,3,3,1,1,2,this
3,3,3,1,1,2,is
3,3,3,1,1,2,a
3,3,3,1,1,2,small
3,3,3,1,1,2,text
3,3,3,1,1,2,file.
3,3,3,1,3,3,Hallo
3,3,3,1,3,3,this
3,3,3,1,3,3,is
3,3,3,1,3,3,a
3,3,3,1,3,3,small
3,3,3,1,3,3,text
3,3,3,1,3,3,file.
3,3,3,1,3,1,Hallo
3,3,3,1,3,1,this
3,3,3,1,3,1,is
3,3,3,1,3,1,a
3,3,3,1,3,1,small
3,3,3,1,3,1,text
3,3,3,1,3,1,file.
3,1,1,1,1,1,Hallo
3,1,1,1,1,1,this
3,1,1,1,1,1,is
3,1,1,1,1,1,a
3,1,1,1,1,1,small
3,1,1,1,1,1,text
3,1,1,1,1,1,file.
3,1,1,1,2,2,Hallo
3,1,1,1,2,2,this
3,1,1,1,2,2,is
3,1,1,1,2,2,a
3,1,1,1,2,2,small
3,1,1,1,2,2,text
3,1,1,1,2,2,file.
3,1,1,1,1,2,Hallo
3,1,1,1,1,2,this
3,1,1,1,1,2,is
3,1,1,1,1,2,a
3,1,1,1,1,2,small
3,1,1,1,1,2,text
3,1,1,1,1,2,file.
3,1,1,1,3,3,Hallo
3,1,1,1,3,3,this
3,1,1,1,3,3,is
3,1,1,1,3,3,a
3,1,1,1,3,3,small
3,1,1,1,3,3,text
3,1,1,1,3,3,file.
3,1,1,1,3,1,Hallo
3,1,1,1,3,1,this
3,1,1,1,3,1,is
3,1,1,1,3,1,a
3,1,1,1,3,1,small
3,1,1,1,3,1,text
3,1,1,1,3,1,file.
3,1,2,2,1,1,Hallo
3,1,2,2,1,1,this
3,1,2,2,1,1,is
3,1,2,2,1,1,a
3,1,2,2,1,1,small
3,1,2,2,1,1,text
3,1,2,2,1,1,file.
3,1,2,2,2,2,Hallo
3,1,2,2,2,2,this
3,1,2,2,2,2,is
3,1,2,2,2,2,a
3,1,2,2,2,2,small
3,1,2,2,2,2,text
3,1,2,2,2,2,file.
3,1,2,2,1,2,Hallo
3,1,2,2,1,2,this
3,1,2,2,1,2,is
3,1,2,2,1,2,a
3,1,2,2,1,2,small
3,1,2,2,1,2,text
3,1,2,2,1,2,file.
3,1,2,2,3,3,Hallo
3,1,2,2,3,3,this
3,1,2,2,3,3,is
3,1,2,2,3,3,a
3,1,2,2,3,3,small
3,1,2,2,3,3,text
3,1,2,2,3,3,file.
3,1,2,2,3,1,Hallo
3,1,2,2,3,1,this
3,1,2,2,3,1,is
3,1,2,2,3,1,a
3,1,2,2,3,1,small
3,1,2,2,3,1,text
3,1,2,2,3,1,file.
3,1,1,2,1,1,Hallo
3,1,1,2,1,1,this
3,1,1,2,1,1,is
3,1,1,2,1,1,a
3,1,1,2,1,1,small
3,1,1,2,1,1,text
3,1,1,2,1,1,file.
3,1,1,2,2,2,Hallo
3,1,1,2,2,2,this
3,1,1,2,2,2,is
3,1,1,2,2,2,a
3,1,1,2,2,2,small
3,1,1,2,2,2,text
3,1,1,2,2,2,file.
3,1,1,2,1,2,Hallo
3,1,1,2,1,2,this
3,1,1,2,1,2,is
3,1,1,2,1,2,a
3,1,1,2,1,2,small
3,1,1,2,1,2,text
3,1,1,2,1,2,file.
3,1,1,2,3,3,Hallo
3,1,1,2,3,3,this
3,1,1,2,3,3,is
3,1,1,2,3,3,a
3,1,1,2,3,3,small
3,1,1,2,3,3,text
3,1,1,2,3,3,file.
3,1,1,2,3,1,Hallo
3,1,1,2,3,1,this
3,1,1,2,3,1,is
3,1,1,2,3,1,a
3,1,1,2,3,1,small
3,1,1,2,3,1,text
3,1,1,2,3,1,file.
3,1,3,3,1,1,Hallo
3,1,3,3,1,1,this
3,1,3,3,1,1,is
3,1,3,3,1,1,a
3,1,3,3,1,1,small
3,1,3,3,1,1,text
3,1,3,3,1,1,file.
3,1,3,3,2,2,Hallo
3,1,3,3,2,2,this
3,1,3,3,2,2,is
3,1,3,3,2,2,a
3,1,3,3,2,2,small
3,1,3,3,2,2,text
3,1,3,3,2,2,file.
3,1,3,3,1,2,Hallo
3,1,3,3,1,2,this
3,1,3,3,1,2,is
3,1,3,3,1,2,a
3,1,3,3,1,2,small
3,1,3,3,1,2,text
3,1,3,3,1,2,file.
3,1,3,3,3,3,Hallo
3,1,3,3,3,3,this
3,1,3,3,3,3,is
3,1,3,3,3,3,a
3,1,3,3,3,3,small
3,1,3,3,3,3,text
3,1,3,3,3,3,file.
3,1,3,3,3,1,Hallo
3,1,3,3,3,1,this
3,1,3,3,3,1,is
3,1,3,3,3,1,a
3,1,3,3,3,1,small
3,1,3,3,3,1,text
3,1,3,3,3,1,file.
3,1,3,1,1,1,Hallo
3,1,3,1,1,1,this
3,1,3,1,1,1,is
3,1,3,1,1,1,a
3,1,3,1,1,1,small
3,1,3,1,1,1,text
3,1,3,1,1,1,file.
3,1,3,1,2,2,Hallo
3,1,3,1,2,2,this
3,1,3,1,2,2,is
3,1,3,1,2,2,a
3,1,3,1,2,2,small
3,1,3,1,2,2,text
3,1,3,1,2,2,file.
3,1,3,1,1,2,Hallo
3,1,3,1,1,2,this
3,1,3,1,1,2,is
3,1,3,1,1,2,a
3,1,3,1,1,2,small
3,1,3,1,1,2,text
3,1,3,1,1,2,file.
3,1,3,1,3,3,Hallo
3,1,3,1,3,3,this
3,1,3,1,3,3,is
3,1,3,1,3,3,a
3,1,3,1,3,3,small
3,1,3,1,3,3,text
3,1,3,1,3,3,file.
3,1,3,1,3,1,Hallo
3,1,3,1,3,1,this
3,1,3,1,3,1,is
3,1,3,1,3,1,a
3,1,3,1,3,1,small
3,1,3,1,3,1,text
3,1,3,1,3,1,file.
