Hallo,Hallo,Hallo
Hallo,Hallo,this
Hallo,Hallo,is
Hallo,Hallo,a
Hallo,Hallo,small
Hallo,Hallo,text
Hallo,Hallo,file.
Hallo,this,Hallo
Hallo,this,this
Hallo,this,is
Hallo,this,a
Hallo,this,small
Hallo,this,text
Hallo,this,file.
Hallo,is,Hallo
Hallo,is,this
Hallo,is,is
Hallo,is,a
Hallo,is,small
Hallo,is,text
Hallo,is,file.
Hallo,a,Hallo
Hallo,a,this
Hallo,a,is
Hallo,a,a
Hallo,a,small
Hallo,a,text
Hallo,a,file.
Hallo,small,Hallo
Hallo,small,this
Hallo,small,is
Hallo,small,a
Hallo,small,small
Hallo,small,text
Hallo,small,file.
Hallo,text,Hallo
Hallo,text,this
Hallo,text,is
Hallo,text,a
Hallo,text,small
Hallo,text,text
Hallo,text,file.
Hallo,file.,Hallo
Hallo,file.,this
Hallo,file.,is
Hallo,file.,a
Hallo,file.,small
Hallo,file.,text
Hallo,file.,file.
this,Hallo,Hallo
this,Hallo,this
this,Hallo,is
this,Hallo,a
this,Hallo,small
this,Hallo,text
this,Hallo,file.
this,this,Hallo
this,this,this
this,this,is
this,this,a
this,this,small
this,this,text
this,this,file.
this,is,Hallo
this,is,this
this,is,is
this,is,a
this,is,small
this,is,text
this,is,file.
this,a,Hallo
this,a,this
this,a,is
this,a,a
this,a,small
this,a,text
this,a,file.
this,small,Hallo
this,small,this
this,small,is
this,small,a
this,small,small
this,small,text
this,small,file.
this,text,Hallo
this,text,this
this,text,is
this,text,a
this,text,small
this,text,text
this,text,file.
this,file.,Hallo
this,file.,this
this,file.,is
this,file.,a
this,file.,small
this,file.,text
this,file.,file.
is,Hallo,Hallo
is,Hallo,this
is,Hallo,is
is,Hallo,a
is,Hallo,small
is,Hallo,text
is,Hallo,file.
is,this,Hallo
is,this,this
is,this,is
is,this,a
is,this,small
is,this,text
is,this,file.
is,is,Hallo
is,is,this
is,is,is
is,is,a
is,is,small
is,is,text
is,is,file.
is,a,Hallo
is,a,this
is,a,is
is,a,a
is,a,small
is,a,text
is,a,file.
is,small,Hallo
is,small,this
is,small,is
is,small,a
is,small,small
is,small,text
is,small,file.
is,text,Hallo
is,text,this
is,text,is
is,text,a
is,text,small
is,text,text
is,text,file.
is,file.,Hallo
is,file.,this
is,file.,is
is,file.,a
is,file.,small
is,file.,text
is,file.,file.
a,Hallo,Hallo
a,Hallo,this
a,Hallo,is
a,Hallo,a
a,Hallo,small
a,Hallo,text
a,Hallo,file.
a,this,Hallo
a,this,this
a,this,is
a,this,a
a,this,small
a,this,text
a,this,file.
a,is,Hallo
a,is,this
a,is,is
a,is,a
a,is,small
a,is,text
a,is,file.
a,a,Hallo
a,a,this
a,a,is
a,a,a
a,a,small
a,a,text
a,a,file.
a,small,Hallo
a,small,this
a,small,is
a,small,a
a,small,small
a,small,text
a,small,file.
a,text,Hallo
a,text,this
a,text,is
a,text,a
a,text,small
a,text,text
a,text,file.
a,file.,Hallo
a,file.,this
a,file.,is
a,file.,a
a,file.,small
a,file.,text
a,file.,file.
small,Hallo,Hallo
small,Hallo,this
small,Hallo,is
small,Hallo,a
small,Hallo,small
small,Hallo,text
small,Hallo,file.
small,this,Hallo
small,this,this
small,this,is
small,this,a
small,this,small
small,this,text
small,this,file.
small,is,Hallo
small,is,this
small,is,is
small,is,a
small,is,small
small,is,text
small,is,file.
small,a,Hallo
small,a,this
small,a,is
small,a,a
small,a,small
small,a,text
small,a,file.
small,small,Hallo
small,small,this
small,small,is
small,small,a
small,small,small
small,small,text
small,small,file.
small,text,Hallo
small,text,this
small,text,is
small,text,a
small,text,small
small,text,text
small,text,file.
small,file.,Hallo
small,file.,this
small,file.,is
small,file.,a
small,file.,small
small,file.,text
small,file.,file.
text,Hallo,Hallo
text,Hallo,this
text,Hallo,is
text,Hallo,a
text,Hallo,small
text,Hallo,text
text,Hallo,file.
text,this,Hallo
text,this,this
text,this,is
text,this,a
text,this,small
text,this,text
text,this,file.
text,is,Hallo
text,is,this
text,is,is
text,is,a
text,is,small
text,is,text
text,is,file.
text,a,Hallo
text,a,this
text,a,is
text,a,a
text,a,small
text,a,text
text,a,file.
text,small,Hallo
text,small,this
text,small,is
text,small,a
text,small,small
text,small,text
text,small,file.
text,text,Hallo
text,text,this
text,text,is
text,text,a
text,text,small
text,text,text
text,text,file.
text,file.,Hallo
text,file.,this
text,file.,is
text,file.,a
text,file.,small
text,file.,text
text,file.,file.
file.,Hallo,Hallo
file.,Hallo,this
file.,Hallo,is
file.,Hallo,a
file.,Hallo,small
file.,Hallo,text
file.,Hallo,file.
file.,this,Hallo
file.,this,this
file.,this,is
file.,this,a
file.,this,small
file.,this,text
file.,this,file.
file.,is,Hallo
file.,is,this
file.,is,is
file.,is,a
file.,is,small
file.,is,text
file.,is,file.
file.,a,Hallo
file.,a,this
file.,a,is
file.,a,a
file.,a,small
file.,a,text
file.,a,file.
file.,small,Hallo
file.,small,this
file.,small,is
file.,small,a
file.,small,small
file.,small,text
file.,small,file.
file.,text,Hallo
file.,text,this
file.,text,is
file.,text,a
file.,text,small
file.,text,text
file.,text,file.
file.,file.,Hallo
file.,file.,this
file.,file.,is
file.,file.,a
file.,file.,small
file.,file.,text
file.,file.,file.